Tamaño,Habitaciones,Antigüedad,DistanciaCentro,CalificaciónVecindario,Precio
174.83570765056163,4,42,3.8942279275908973,2,426.2890484054305
143.08678494144075,1,18,18.08964903837593,4,325.16271025329877
182.38442690503462,3,68,14.49257320416325,4,463.2402651313776
226.15149282040127,5,50,18.810190325122093,3,491.815699356597
138.2923312638332,3,10,12.462544308583917,1,241.81637245714307
138.29315215254098,3,11,9.994616748403338,4,481.6719951585005
228.96064077536957,1,73,2.134613290446897,5,604.013377625101
188.37173645764545,1,7,13.761203349374567,1,108.04254313620099
126.5262807032524,1,23,12.061966435596393,2,176.02556372223157
177.12800217929822,2,91,19.81396897816481,3,273.1092800399639
126.82911535937689,4,40,5.544016777862618,2,418.8740237997071
126.71351232148716,2,35,11.084009750449882,2,260.7508072129958
162.0981135783017,4,84,13.36818936724338,1,237.4105023129629
54.33598776711011,4,71,13.247232320104528,2,314.87305870550284
63.75410837434836,3,54,11.664577316019653,4,409.3075989540749
121.88562353795136,3,8,15.761632196217285,2,287.92920960566823
99.35844398327882,4,46,4.894642981009512,3,476.6080013293007
165.7123666297637,4,14,14.7869168052139,3,450.4151457796335
104.59879622393944,2,47,12.774956857228695,5,484.7081738326967
79.38481493323543,2,81,18.025427124096893,3,212.42572642831686
223.28243844607772,3,41,17.096694341638052,2,294.92720809370905
138.7111849756732,1,59,6.9877937435185125,3,283.5594044839053
153.3764102343962,4,83,6.248509174527909,1,314.0391653291268
78.76259068932715,2,69,19.651413153196508,3,253.66625137123822
122.78086377374086,3,11,11.018038437389874,4,502.3546688586957
155.5461294854933,2,1,18.2219983143743,1,98.79710748846757
92.45032112888487,4,6,4.1137394518291615,5,682.4468624234396
168.7849009172836,4,79,13.21355938120331,4,545.4180917067005
119.96806550405975,5,2,16.38734355985114,2,354.2022283137041
135.41531251033615,1,2,19.00050974214249,2,104.06492393314758
119.91466938853016,5,26,7.409462679323446,2,418.2757091488258
242.6139092254469,3,39,14.774642228556997,4,507.8771467097584
149.3251387631033,2,32,11.237447171752763,4,442.8680427510443
97.11445355220499,3,91,2.1519495952628955,4,515.6649454897241
191.12724560515946,4,0,14.109995008869925,1,271.93918042847787
88.95781750144889,5,7,14.111834606519025,1,245.1728012879868
160.44317975023776,5,31,18.681529292084203,2,334.4904163516095
52.016493806011226,5,47,10.448936477210475,3,442.96221744596517
83.59069755507848,3,3,5.374767493499779,2,349.0294606918412
159.84306179345617,4,93,1.8467126455249039,5,738.5218090510141
186.92332899977052,2,69,8.897201547032207,1,214.10925875782368
158.56841405949854,2,18,6.736417301472534,4,518.5350018384986
144.21758588058796,3,31,15.460677814453636,1,153.13490474982987
134.94481522053556,5,8,7.7310875319798855,4,619.268611852905
76.07390048162863,1,11,19.032352729982033,5,416.06224003891015
114.00778958026457,3,10,19.2838938567679,5,504.1005537527918
126.96806145201063,3,45,12.797263214136454,1,167.71845941973527
202.85611131094578,4,15,18.644545453282774,4,506.1833109653283
167.18091447842306,2,0,15.456232545775418,5,518.987939015029
61.8479922318633,3,62,11.390333178527397,2,244.55718947491096
166.20419846973977,3,20,4.425850773032784,2,430.99878057285645
130.74588597918418,5,29,9.71336092676296,4,583.3437823687702
116.15389998470206,5,12,11.656614803889735,1,267.54819668441337
180.5838144420434,1,33,17.415270033965193,5,490.847317335226
201.54997612479755,4,3,10.145334154177633,1,289.05153690824574
196.56400595580993,1,27,18.055818780881175,2,148.35828306722087
108.03912383886808,5,94,13.812630601445909,5,663.5648523243108
134.53938120743928,2,58,3.602982198019756,1,178.33497819147829
166.5631715701782,5,26,19.904646017176766,3,446.97148634465657
198.77725635611796,4,68,11.017420554324339,4,569.9548333678542
126.04128810773551,5,24,8.445307631772499,4,632.9876210069422
140.71705116680914,4,2,13.523161524921004,3,445.67768421549766
94.68325129969858,4,96,3.0689729656397424,2,372.15233133138594
90.18966879596647,4,67,13.094234288313732,5,620.3320860185936
190.6262911197099,4,24,10.466484009486187,4,569.6948626780414
217.81200142854115,4,19,8.726807329973079,3,526.1591528895083
146.3994939209833,2,33,19.107380402399084,3,303.1690550747292
200.17664489460122,1,25,10.928254617909012,2,267.7783187643722
168.0818012523817,3,4,5.16323210992883,2,374.5304211283852
117.74401226974379,1,98,9.720306108168675,1,93.84732690921041
168.0697802754207,4,60,18.46836068688078,4,472.3640635138121
226.90182832329845,2,91,4.345813955281299,1,305.28768029055556
148.20869804450243,5,92,5.065183735076501,3,565.3556618183316
228.2321827907003,2,8,1.2475617873845912,5,701.3419344174276
19.012744795512788,4,49,1.2696109385195764,5,689.9243173490041
191.09512521876118,2,5,16.75844091221174,2,236.64078887341486
154.35235341190855,2,82,14.91032953001616,5,514.3914699253797
135.04963247670662,4,59,7.745780072587207,5,666.3670600713173
154.58803882677512,2,43,14.267911987323883,5,511.8567170592694
50.621554269955354,3,10,8.508912599889435,3,383.425317092921
139.01640560812442,3,65,19.105039123958722,5,480.4655189382948
167.85562857558733,2,46,19.37400094709466,5,494.34466499120856
223.89470223707582,5,72,8.463081740377525,5,735.6739076485383
124.08648908631763,4,84,17.230216220476493,1,138.042330363776
109.57531985534061,3,87,15.688691792251857,3,321.44188034104803
124.91214782077317,5,97,6.889998806263997,2,411.20302010549943
195.7701058851037,2,85,5.408756749121014,1,224.53834734606642
166.43755548298424,5,2,9.706458357463843,4,621.3490599319434
123.51198981164806,1,75,15.845627971673718,3,220.9861512333125
175.66337165566782,3,91,19.243187909846164,3,335.4027943565845
154.85387746740201,2,29,15.508002308464878,4,429.42734566143207
198.43224952664445,4,89,17.24893271534903,4,514.7649237642489
114.89734530613238,2,20,12.458221817239814,4,427.7156447894551
133.61689267011158,4,27,16.872748786000393,2,294.20402405835875
130.3945923433921,2,89,15.903996302064936,5,485.2183053438093
76.82425259339408,5,61,8.162725296599323,3,472.0838298354793
164.8060138532288,5,32,11.487815740293701,5,744.77601452733
163.05276360899447,5,84,16.2903093178042,5,676.7129894386477
150.25567283212305,1,34,1.875077949609171,4,516.033196694994
138.27064333124267,4,51,16.35350636476077,2,279.65371835797373
79.23146289747929,5,33,4.379874356931445,1,349.39559082817897
128.96773386173206,1,40,10.77898872530734,2,219.15322812203692
132.86427417366153,4,50,16.357233351562815,5,557.279881028174
109.88613653891906,2,46,5.822600484977202,2,325.27985746214995
141.93571441669954,1,81,5.670341346816907,4,396.4797534612858
170.20254284072692,3,57,8.652523570782787,1,249.09118120526244
244.3092950605265,1,74,17.998213153975055,4,406.30457364682445
158.72889064159196,1,56,1.0084128473069498,1,199.65373024705073
162.8775195361382,4,22,18.126278836196764,5,589.8143614105246
146.27770421169163,2,47,3.9223334681905477,1,236.50703724011345
54.06143923504793,3,21,19.81164114528216,1,118.91135546304918
148.67430622753915,5,16,19.142092867730895,1,221.08953348792642
153.01151049705132,5,68,10.398828602234383,2,382.5935894295332
273.1621056242643,1,10,10.741684708439935,2,265.569819337533
140.38195176094388,4,93,10.149437465241231,5,601.983751420904
165.07736711668062,4,14,13.07342926753093,1,270.04833835090994
148.26441151473784,5,90,2.7237123424636898,3,557.0430060148856
91.5660981190234,3,34,1.6197410184897636,5,664.1771600229752
207.14114072575103,2,32,2.0963556399020784,1,295.7475422493299
187.5966516343387,3,83,9.442941635588774,1,215.04615135103538
189.55159735215233,2,15,6.235410845170184,2,346.89895010908424
104.53062726026306,5,33,12.818751685048882,5,638.2255841842355
220.13971554680495,2,65,19.8564034981208,1,115.97380850029441
79.90744686038596,4,98,8.340140288452853,1,235.6999460773012
179.34285469001352,1,39,11.902983827985754,5,506.7271132946575
259.5227812904989,1,27,8.896474022239374,3,385.9689876214506
100.47318374346558,5,46,17.09816168671533,5,583.2859426382611
121.6851135198614,4,38,18.142491665782522,5,570.7176587007797
154.98256825438207,3,69,17.66975663189994,3,326.55197317427655
124.82621729419004,4,72,19.513072534905895,5,514.1965680370971
72.46682844669337,1,19,1.5228645176678905,1,148.5278833740042
153.42814874030137,1,0,16.95650708076509,5,453.9178721136868
96.88481431369476,4,71,15.283671287742772,3,359.1233896557236
173.67962153175907,4,86,5.345193778606931,4,547.2850253535497
104.02878828830984,1,62,19.170081774363023,5,418.6232648907463
227.496720250877,3,66,3.815380636368964,2,402.2423068845072
110.83733538318815,5,3,13.91144861554426,1,208.55542630523786
133.89692418971623,5,57,5.272914119502337,1,400.49339439181955
190.67586086848348,4,24,9.196232326707419,2,427.2104154499973
88.45678417830223,5,46,14.66403804194681,2,325.0634603929746
161.37299673020647,1,37,11.703168198627887,5,481.4923790946569
215.3571377141214,1,14,9.122534795234122,2,272.3330011737325
69.62583827193862,4,62,7.200430187707758,4,549.2667876309953
159.2316929266152,4,20,16.953533458467014,3,417.6327599986468
162.99413971242117,4,98,3.7324726559814607,2,393.7818364650198
189.09114358886552,3,56,9.171954654066202,2,363.4703257780616
88.1524644560959,5,52,18.1713938637277,4,484.9257405113822
83.97716934578618,4,45,17.071141458739387,1,174.7963138018884
176.09707828084487,2,13,8.617893486987887,1,178.04612275911796
164.8492336616593,2,99,15.499058908424857,5,563.9376273904182
162.52464251729384,1,75,16.640055783468327,4,359.7498471480951
167.3224104748488,5,16,17.888861056068965,3,522.0784015910759
115.99876392107547,4,38,11.345609611935332,3,453.83333524933556
161.6126848580502,2,8,4.884756835039524,4,515.5221651569128
164.65362366493406,5,98,5.850872453574701,3,565.15260713645
114.2824290986816,1,76,6.61819880679048,1,140.67367193626643
243.28872555723783,3,78,12.282247135382695,3,434.75499503723603
173.69164604558938,5,81,1.6233828584435603,3,612.0718062391605
90.43482513986757,5,96,13.084806906819397,4,554.6125217369317
182.82768043169148,3,5,7.922730530136408,4,535.8445096453381
101.26591648863393,5,90,6.609594247303201,3,480.9155556530361
189.3542301871226,1,22,17.710434843834403,2,141.11734168985643
207.9297789503702,1,58,9.74004551603518,4,442.352994174096
108.96588408241448,3,90,2.806007865121163,5,643.8435841031602
198.16880646221608,4,97,16.708188592498693,5,578.5132531580474
170.63904634682493,2,45,1.9051838912936254,1,272.1505395234674
191.1030079997245,4,37,14.808235259195737,3,443.4452719113168
244.8396491326974,5,13,15.704218213642637,2,415.70086721419364
137.73059419985648,2,99,7.699449512648306,1,155.7210693440968
112.31319178212553,3,71,16.670969269277947,3,308.691200639144
105.52427851872383,3,61,10.797528711272616,4,455.45357310141134
109.2094857517281,2,34,9.802579412183139,5,569.722456067466
146.1449145292948,1,18,1.8626623479051583,2,281.45851174426616
167.0575987408322,2,29,6.510554679329212,5,614.9580142444444
163.83453996650096,5,77,18.689189446820695,4,563.4756354218443
191.35916245180118,1,83,8.4446553023865,3,328.0265845848018
150.65009459389535,3,24,11.387309890578598,4,528.2695019091416
222.67670385786585,2,39,11.108411900700784,4,502.7719583228169
136.7671583381022,4,87,12.218190706631173,5,627.8883611842657
286.00845832948096,4,13,2.1652881572223697,2,528.2100586401357
181.28336738825033,5,25,7.8813488411758374,4,651.9555310505935
107.14212217918588,4,86,14.73943720376853,5,581.2460882717437
96.45537509694438,2,21,4.810644770386675,2,280.1183911389623
174.12362076215928,2,47,4.867989173380848,3,425.3183466756234
138.82686073370746,4,82,1.1917215270914698,3,518.2655652013516
185.7000247046046,2,50,9.312156605555984,1,209.8698236236574
173.66188122867723,5,2,17.771953232795017,5,616.0239725694273
146.35855436715636,1,41,1.9861179281588712,2,303.0444301801265
107.66031409657975,5,18,4.63125548042405,4,660.5322697796064
74.25763876570677,5,72,6.891606228512346,3,502.76315620213074
127.67425239664894,2,27,14.902769994720044,2,232.32189997276123
192.81993971617362,1,83,13.172076263249144,5,482.63611747452165
160.7046872065102,2,44,8.902934187055246,1,184.5088478470039
87.71306106440059,3,70,15.422309845909139,3,275.7198848684476
158.6590462925591,2,77,12.582989221481137,2,220.0167088780876
169.26586898644183,2,62,18.024775193487162,2,207.17859333772992
105.80712818994334,2,72,16.542508233635168,2,132.39943837020795
157.6862552972764,1,18,5.80345851569481,5,569.4021266679587
152.9104359223,2,46,6.157332975049804,5,584.143961413557
92.85148510846884,1,13,3.381773040055327,5,555.9333378593877
167.88936801741417,4,37,7.402329788631674,4,583.3794489033504
178.03922631841172,3,52,19.99133445566279,2,192.32637849524218
204.15256215876386,1,60,8.709272203686158,3,356.6336419165154
202.69010260174514,4,35,5.189280259093022,5,737.7123296593236
81.11653160214544,1,39,15.487174805035508,5,439.30224574289764
103.10874800424386,1,80,11.306949065790466,2,184.3458310441888
175.751763360433,3,29,3.842427541012098,5,721.3830746973209
175.68929754561043,5,8,8.233103942056449,4,656.4507779883073
175.7523843153024,5,63,8.874924595247522,4,661.9424718202562
342.63657453273606,1,32,15.322764310815154,5,534.0962814734426
178.54452553465836,2,51,1.3927560089461848,2,382.76869840857063
206.77828200902994,4,88,6.111373289167899,2,427.36016852103234
197.70008817466012,2,13,10.83432972499492,2,292.43406315025055
182.5695625652899,2,74,6.108088106604024,1,219.12220607068267
134.23653776798272,1,52,12.940246900960979,5,448.09732791599504
187.94846102466337,1,98,10.155482106217715,2,183.10073920202896
111.35873927312142,1,58,7.872494842332032,4,452.30012586516534
138.15906966299957,1,77,19.034963910539734,3,201.41184127117072
125.73182260854483,5,93,13.01103048454269,3,450.280770913678
154.09370696931612,1,40,3.468886073090883,2,252.8002558977169
265.73292833367543,5,67,11.641742251424514,3,509.3045840151716
56.636740370412596,5,67,15.833905210817118,3,397.67134610672804
184.31300951872566,1,91,14.46130425236315,1,61.70376419801315
69.36420644051742,3,7,4.269695356609928,4,539.9285085727207
126.40340671052833,4,1,19.475979981761963,4,470.3207520471989
204.4475298483683,2,85,9.527459269185513,1,243.68569926384635
153.21400095477313,5,40,4.021475071064964,1,365.92775024826307
96.1127611035347,4,54,4.42371932843481,3,527.1176899660054
114.2348145370016,3,15,2.8664648515925295,5,715.0033641286991
183.97988744673378,2,92,16.26684406026375,3,320.562110252529
113.48166841414317,2,61,3.318579392115124,1,199.37688197219256
160.82292947909875,5,47,3.377379885693192,4,648.5008574792992
152.27859199519068,1,29,17.158960680455916,3,257.79828612638386
117.41998261970915,3,11,7.547477604503633,5,655.4055172573418
257.19720446626627,5,34,1.5863001818533764,3,696.2277870216741
181.69595111590056,3,10,1.9860106908498065,2,394.2389197932827
48.74287066711965,1,63,3.701238487374016,3,312.37089073018797
159.32271573847137,1,49,5.054473611538102,1,140.82000699328353
116.9106767615806,5,84,13.637777690529703,4,531.0406116645702
192.6216667398112,1,20,3.9891993200347367,4,517.0285285254489
110.37396307836497,4,68,3.258613432364368,1,285.21822798139544
144.26317792665506,2,47,15.529663688049304,2,182.12817264990926
175.24936394902286,5,19,13.750050393338373,1,314.34907463418455
193.2877597085061,3,66,9.271160207649487,3,445.40074752884686
89.9851796472112,4,43,11.436885658121975,1,226.47401319076522
133.27493820795257,5,32,6.927696386201951,1,321.4383212869801
126.25273444195219,1,72,10.167507984471852,2,222.1768693316251
117.3335383713144,1,60,10.626780330672169,3,284.76122081193034
238.27271201405483,1,8,8.357508152383822,5,642.6660279520585
170.2490855480478,1,67,18.224872002771093,5,436.8049769830641
86.95580228324775,3,34,1.305175434639117,4,511.8924507490537
195.8930973527388,4,80,15.861253998733677,1,155.88712031961091
256.10780985063167,2,97,3.363273793585162,4,580.9199155356009
201.62326302755736,3,87,16.15339985020679,2,295.6899868199809
74.03150170229932,3,95,12.702326397857703,5,511.89678362447637
125.78829635668743,2,64,17.022283727791645,1,125.99578021985604
213.34555745933113,2,7,2.8527721871770515,2,417.6200302827476
114.61652671906097,1,44,11.620632047895707,2,183.1656119666021
172.19097140731142,3,86,10.520669724981744,1,218.57513701274155
188.73170267146685,5,46,14.417670476303813,2,408.7524020074082
103.65347642109586,2,39,11.151520485979841,1,175.86140578376242
147.02373219691,2,75,11.27395677552898,1,155.32569751180478
-12.063367003453635,4,53,9.16232292794523,3,391.1433785255996
98.7806179332855,5,75,6.8678540561394765,4,625.0192983449142
137.371592430342,5,45,10.163022863791651,2,416.9895746134851
87.61084090175753,2,46,3.251354816599611,2,320.60212696675745
231.62056519658177,1,14,19.268753440678612,3,229.67216586451633
78.49293110196837,4,18,14.573804508905367,3,396.0047567106169
127.99777566515081,5,25,19.09687521706909,3,427.0411483513779
156.53702886430457,2,51,5.307820264269302,5,608.0691326131549
222.06366445330576,5,92,17.707479383354034,5,675.9611994985515
78.20689244102803,4,21,16.36700970670723,5,617.1625396676677
208.15818760774798,4,20,13.865895836695799,1,262.875563714527
150.51165305097936,3,50,12.875554535618909,2,298.7933081869929
100.92456744760246,2,37,7.01444364008953,4,509.3744663341948
173.10517371316354,4,19,16.511804914335585,1,219.77365036177235
159.9529847786735,3,28,10.528793768114943,2,294.0769746492171
119.98915614206027,3,50,2.346939941934422,2,386.919649878884
153.49010424950094,5,3,6.94440005624747,3,501.3593981423239
130.734320156912,5,54,18.770644872361224,3,354.00153540577674
155.6758672625624,3,70,17.16292495149208,1,143.53398529426687
183.10653372605233,5,91,19.656208263454243,3,359.0669246514371
229.3008408072676,4,27,12.931874269477865,2,344.3524841481504
88.10922505865756,1,3,5.7026913896678275,3,326.6252345448924
256.65166873281333,4,21,4.093485943860411,5,763.0555661841554
52.39561002387491,3,75,4.551374371560771,3,404.4888987076518
142.41074524822082,3,44,1.3761175085978334,2,422.0659510573445
179.41586032422882,4,66,8.422960108732845,1,291.64034935888424
164.04959338675164,5,85,4.637125929491308,4,639.1705273539762
118.86502400897031,5,65,8.821453748677346,3,535.5790013373186
139.59388748213624,3,87,18.764894204936542,2,170.32657077809793
125.34995326705837,2,33,9.18026398063661,4,466.5194245464656
120.53176215278943,5,90,17.681705442711863,4,467.9466772739834
192.48010485105124,4,54,12.504590565701653,5,661.3020944117726
167.85077429825236,5,0,5.695499538566446,4,669.0047066661468
115.35452023696729,4,71,7.761240425925017,2,385.82080364739267
194.97999377166252,3,86,2.594471180607159,2,413.76252185961545
165.36497604383047,5,37,7.335789278324199,3,533.5461119388816
190.64310594194802,4,5,13.873277964567148,3,435.61528230489654
181.48144209618061,3,85,2.3701107656592684,3,483.66219506569485
108.55024945389638,2,24,4.902626761082558,4,544.9381436169812
121.99094799015153,4,81,8.247379786852918,4,594.6983881542485
187.3646802561631,2,16,19.65894120330329,5,468.08622346083234
180.51851327167324,2,60,15.912374636218724,3,333.1411437236831
148.95492030179258,1,11,14.936248183349974,1,28.52919259496491
155.8663691654391,5,5,3.2076281739834736,5,783.1733413164508
213.88324478942124,4,89,15.838921978684837,1,198.6632937863008
120.4214305582085,2,26,15.920107418804287,4,419.9416275303724
177.3548690585019,1,7,12.420951216862237,5,480.09998436591826
139.89036737830529,3,82,19.816873857969064,5,507.91020099502384
139.11593983863898,4,64,7.179824212566487,2,378.5774808328037
204.9388425993595,2,56,18.884176516595183,4,392.4414353904902
191.27081744940148,5,92,18.37989118417357,4,576.0260706515749
190.67548180003192,1,98,1.2181325352381789,5,647.7488453559919
215.27394035771647,2,39,9.55221400302141,4,496.80500968731985
151.05019208163796,5,13,19.564980427979894,5,617.3273842460203
184.0976485647482,2,34,2.95930588575344,2,314.58393245476054
134.4866621703272,4,47,11.40790919328307,5,638.9577644713527
166.2083176244221,4,83,19.600192633780978,4,511.03481386805106
143.49284728161578,4,55,11.554413058011344,4,536.4839095724964
154.8497982496359,1,48,4.606490756470963,5,585.1789736387028
179.75785127184568,4,12,12.061481371759205,5,630.7266788203491
109.08896583832637,5,60,4.88437090504139,5,726.8314006254093
254.619363784273,2,48,10.874380994995201,3,415.72750458725073
99.6991309250149,3,45,2.406802140334612,4,564.9281040103626
89.29056936061339,5,61,12.504170715073688,4,571.9202608898338
207.9055436750034,5,7,10.819008843435006,3,528.595886289185
189.5831346981468,4,42,15.0630660064678,5,587.8111935638037
181.20599085260775,1,19,12.983308952016916,2,233.1221616641915
181.417275463214,2,96,11.442519102084377,5,524.0797144789906
149.38766135765428,1,89,14.105798135714302,5,469.6009500092337
105.13728142570842,2,38,3.734896357872386,3,415.0910987963407
153.7902279096863,2,84,12.311833563913478,4,386.98294843990857
116.14191442439441,1,48,4.270101453632776,5,577.1980781068701
198.75598667088755,5,63,18.584921949185738,4,530.4645939803621
142.64713092489308,2,61,2.2983479920664798,1,231.41645109145577
108.72514016037442,1,53,9.177120244125073,4,387.7368035397976
133.93070791735033,2,8,14.220152075453452,2,262.92862075996334
170.6465727137812,3,87,9.702422021696917,2,345.786321344523
121.81377235980126,5,36,2.749809811425145,5,727.3004234713811
108.88898022167842,4,48,11.51420130640744,4,581.3731550944696
162.18436057459562,2,40,13.191006267719736,5,520.2244492972205
162.24832855543613,3,16,14.372053908819645,3,435.16454211406756
124.65284123144352,4,87,8.09193647479242,2,348.9018165642979
126.44808471908387,4,20,11.709539449546481,5,631.6057302117788
161.60249686788183,2,50,9.563043023839349,3,363.98762486860187
77.59578292513379,1,58,13.769064736292815,5,423.68750297515146
79.62681128117224,2,38,12.087582379171552,4,470.6474952944512
114.0777889373782,3,54,10.989368171623562,4,479.03613276943764
139.32764241440765,4,40,5.740962969926724,4,592.6967806944693
165.54537827990023,2,38,1.0383518372164444,4,562.9144397051093
223.76781084747762,1,12,4.307551830917156,1,191.02500719144962
192.88298116010097,2,63,3.2242547870592047,3,485.22695606671465
142.00307350182865,5,10,9.532610155207989,3,485.89841430650625
149.04918960486555,1,18,12.632904864475048,4,377.44533098089715
99.87353176810956,3,10,5.0486151650113555,1,269.86712198011105
149.0743432003805,4,76,18.842084823376556,4,464.3751266356105
135.5670680539931,2,45,1.126960455253868,1,256.74430903695907
166.13592801690447,1,44,15.673719288141514,4,401.4598740441728
108.63845282238385,5,0,12.878890621078403,2,400.62535890871993
175.96732571205862,1,39,8.097541219905956,2,248.74515928549837
226.6369456501289,5,18,1.9592899438357505,5,890.5591396330019
144.56199257715713,3,75,12.922244863901307,4,454.8501439296597
170.08558610494708,4,71,8.326656744447313,3,477.9684845831866
184.5071995855556,3,71,18.789075648851163,5,532.3018350166969
129.9389764057082,2,60,11.297811422905552,2,231.4308298233741
161.20462409052084,1,11,18.853378714576657,4,312.03825847546483
150.62962003908973,5,60,5.189190175992778,5,715.8316626306047
154.8838049274416,5,32,14.788792296917963,4,580.384018854021
111.34951080722668,1,44,12.727731396125789,2,149.36059680358903
151.22550871294715,1,89,15.048756366794924,5,496.12041041305633
174.8999145622725,2,91,5.078689415478199,2,307.54950504547327
222.5571803897521,3,68,13.634895808517701,1,198.2424006724118
197.96354130426033,5,7,10.46276746808051,2,469.6125906313914
257.65912287557785,2,24,15.11367452322001,4,480.5476321417819
111.63262185559753,3,90,7.2138482388845375,3,402.2898928442772
193.61603183603393,2,45,17.9110834838398,2,188.17888738550786
159.1671002869176,5,86,2.6017249776156572,3,669.208845467279
259.4901466608836,1,29,16.336597057032574,1,116.72374681665954
109.58508573224242,1,46,17.365072890486726,5,444.45255339586384
108.0139078909612,3,86,16.527793915969603,5,487.3553767799472
120.03036772779889,4,48,10.741801490973744,3,423.74753429357014
43.80521378450966,3,46,9.329314620584466,5,617.6181078936673
123.71224891596195,4,83,19.92898344397266,2,272.58956350214527
112.0433669223151,2,81,5.35426707306908,3,389.61956532379884
157.51968932381038,2,17,11.390643351644847,4,450.2141388505311
167.08779878885798,5,65,13.742834982264185,2,370.76465527287274
243.80854196079432,4,67,14.316485081367208,2,341.7366517853218
197.5211919093025,5,93,4.876468649032995,2,443.1746762108553
121.15481721687985,1,32,13.425887754456223,4,389.814635670403
105.0792664325821,4,35,16.549021763145408,1,190.02019615463846
174.59595857532528,3,81,1.950352959601132,5,711.8964201002082
83.9883396489679,1,18,18.318904573181015,3,194.98267439361717
241.57293829271768,1,27,1.5605770477589127,1,253.47167304709882
208.97200603606436,3,39,7.763449617279493,3,454.3504127208839
126.54121739476476,1,83,1.3004507284262794,5,557.1833998438619
64.34327354545613,4,96,2.465758202252055,4,620.3906156537619
217.69361870827066,5,75,18.3121974184215,2,356.2625175909389
144.2730077373691,1,14,7.742355784176809,2,253.19930448408
211.8908155986731,4,40,9.070659078076005,4,624.132667365014
70.27861706028165,2,38,5.0915432462685,1,176.17489822328142
120.03124885231136,4,1,12.344819633547676,1,242.2832466913078
150.26218498590916,5,62,12.301261078878003,3,456.35285228033183
152.3490296882371,4,28,8.071807444679166,4,564.6535646864123
127.49672642603781,3,73,7.327662564302569,1,194.87636869178206
181.14249661737495,5,65,17.814321855431167,4,558.0644901748891
96.61897853087028,2,50,8.282400553201827,5,552.2577500539685
142.88102574893531,3,74,10.376518850933756,2,273.0745352709904
156.01478158559493,4,76,6.382790486073682,2,405.8819569729408
175.72194170293744,5,9,15.94862056378542,2,389.26117673746717
185.5807439044445,2,13,8.551514981082741,4,486.00107235891073
93.76789540810654,3,81,10.758609884342166,4,464.30216024489977
73.29429146321888,2,50,5.813786231133567,3,377.1878252967857
213.88384109492546,4,72,19.765532254483784,2,266.2277141496392
166.61570059897957,2,38,6.538419077550735,3,420.6793286463812
112.57567317217232,1,27,15.644108087205481,2,149.27234581812039
227.55759877612616,3,2,9.122417356778424,3,446.97463318275317
155.78373171464293,2,83,4.9181306965986575,3,409.3054772662874
208.96485920319134,4,69,16.194656515332362,5,630.9770791146697
153.37592407050545,4,26,7.33852899155182,3,479.8526439662645
253.03739624409934,2,1,17.43867360055841,4,438.14987086981034
237.7670421221602,4,92,18.389886513438636,3,382.17415765341394
137.55179257604632,5,37,17.336652872434243,2,323.0843933355833
198.57854754771776,5,2,1.6651503813293074,3,631.7357196996371
182.2687974792574,5,15,15.960093555097005,1,263.4204092213006
218.43157787661744,1,93,8.815449863483733,2,206.0390928473742
101.75382697099478,2,39,17.600735483462277,1,45.954858034958974
184.30257299992195,1,1,13.121130991010036,2,200.20767391956053
202.92122434247938,4,80,16.83921954873521,4,529.4893844246939
62.063025678844284,1,40,10.489203627469871,4,379.0085994341467
90.83707436671125,4,11,11.165484587379725,4,551.3692182814334
48.03839111199497,4,34,3.7433650105396774,1,257.9100730256265
136.5296582777721,3,64,15.895759815097753,5,543.6460004648922
185.8771127897981,5,54,8.96840262167246,2,376.4783677031361
225.11785260480139,4,44,10.50152224716007,4,605.0667137853247
153.70473902098877,3,78,15.916856567818444,2,259.5562456798299
231.4307772785646,5,89,12.37806260150934,1,306.44413342766586
80.99492708925543,4,84,4.820875821410681,5,674.4744506235655
64.83087803224227,4,61,12.214420523866963,1,154.09812689320017
147.22261505516906,1,48,8.745024301613459,2,201.73438975145433
169.20327244696537,1,94,9.92098529883339,5,526.3280141959557
148.36526259529535,5,24,1.537914213650688,5,814.3848211246302
46.62789499800617,4,22,4.99055764080935,1,256.5120083147904
145.54399802436058,2,23,6.3397235462395365,4,522.7588214849027
84.77652497475734,1,37,14.54624014931731,2,139.28331391420335
183.48362744150194,5,27,1.2183569926641908,3,608.8527196960551
168.32991230484242,4,20,8.766767963353509,3,485.9265937538038
103.00601068363224,4,53,18.556510538088922,1,138.6524576781385
124.30665413316532,2,17,3.125731714433353,2,296.2016111517859
97.03932390555242,5,35,10.81206337615361,2,411.3161733387926
146.8660451363414,4,98,15.943925265426094,1,170.393159081595
197.75711602506192,1,44,18.908094842882218,2,125.788591726286
100.71369768322282,2,72,15.188756151140641,4,338.635579317371
175.20232577589223,5,52,14.690745424243717,1,209.19451195578068
123.48711908137795,2,29,16.703273713719486,4,403.54824410646876
110.35635838688279,1,59,9.47782319857333,2,212.5401643836134
144.64848200227212,5,97,16.311046119738826,1,259.9397444186155
98.2378838790313,2,31,1.1513236901635713,2,324.57972213362535
122.3175347326409,3,66,18.566660052159293,1,97.64235366238762
90.10610537055757,1,66,9.422823680826331,2,168.33173804443695
248.23625664581948,1,27,11.514223569449204,4,440.46195188246264
151.76317759858642,1,43,5.842762729382764,4,482.5487202739703
115.01372460037072,3,78,15.108085823968008,2,232.3631228422813
160.6989955367111,3,40,2.4560803230297275,1,303.24046443809334
144.38359751545852,4,62,17.58008024838987,3,366.7408254748205
138.95152002333884,2,22,16.734219751120513,4,428.55476015598197
180.70833500217125,4,74,5.105142208650562,4,569.4842734287115
187.87538550236525,2,47,16.377163567419984,3,285.5529527090317
123.47494261947362,3,31,15.940796928168147,2,252.5222651339193
121.209087967766,3,56,13.012115357325031,1,207.44865919140605
136.2474151424178,4,99,8.096883361094063,2,351.82736896629905
34.90394176322076,5,32,6.158476329455489,5,675.207937443872
74.24044689007239,4,23,5.40388821549765,4,601.1979089190182
218.34371337222623,2,38,7.053570292508536,5,635.3286148114001
232.24838567506418,4,33,18.167610425218076,4,556.8034338852075
137.54819802218108,1,55,2.475174743786844,4,445.26357445461355
178.8278481527883,2,27,16.748554248806215,5,544.1200937386052
165.5625077271768,2,36,7.628911425794648,5,556.9807031864352
303.9440404227619,5,6,10.910388524215806,2,483.86383131535115
205.97874557172884,3,67,16.095227039321323,5,582.2566712132494
143.60412042596167,2,36,17.803154393436454,2,187.62085073359364
102.22297796997871,3,55,7.550846981380293,2,335.6178275707456
69.67768398712137,4,64,9.775026144227096,2,272.22208012605915
160.17318179336115,1,64,8.875805231519053,4,425.65372557396597
112.18246273578484,5,46,1.2517696365743003,4,709.764585821748
78.88731452011629,3,19,6.622914888314476,5,618.9968640537159
117.67135578787367,2,18,9.724595440918675,4,427.6312314905825
95.92259981928025,3,28,8.810778568728356,5,626.6411990930229
234.35708175362822,2,73,14.716655322797909,4,431.9042308952426
194.08198784747253,3,59,8.31126872720096,1,225.6202313501547
149.60136793416913,2,17,10.298152530442735,1,142.96576484056956
223.99720694450127,4,91,9.162563250514904,5,688.1058431433776
153.8684153823809,2,34,15.07189682899304,4,420.59174491058184
106.93578993358682,2,42,17.396475580752288,4,335.1756377916936
226.15620386348286,1,94,11.105892501142769,2,197.22803000206514
176.94550218423294,2,90,15.999211689708632,3,284.11856229847467
98.13769228367718,1,10,6.638946958377161,5,505.80466036090104
140.4830660958196,5,48,11.286022592988106,3,493.9002627817645
106.21908733076214,1,37,7.559369119729476,3,325.4463923781083
80.8600134517832,4,63,8.869817585864777,5,638.4286761239085
196.30887737658207,1,68,14.915863431440703,4,384.22910159257907
245.47083202350652,5,7,17.751587164321542,5,734.8943372507531
80.07162130904294,4,33,3.308412430667543,3,507.6437763385249
178.14846183452855,3,47,13.05814587326023,4,513.9918783818932
117.46787154390864,3,55,12.060732343978172,1,161.2612185877483
125.6437308117652,1,75,3.2498857443427056,5,581.4231615289929
120.38030378805654,1,64,5.0259922783620725,5,529.1714160155746
106.8004615160092,5,30,6.909047399920925,4,635.5959649485101
152.42608139724135,5,3,4.171690345532528,1,349.3119655387358
108.45249417944811,2,49,5.630860167962494,1,187.37349870980216
163.52284128899194,5,68,6.084415178372443,4,626.1327629815381
147.48809452754315,2,29,7.377802827742133,2,314.6669103484479
138.05259765667952,4,87,15.238418603222021,5,612.4390243460891
104.6218168979201,1,58,11.866331873161414,5,454.5819050283686
121.16143347158336,4,66,19.73868676707663,3,394.6332222806389
187.7695612912878,5,74,8.87998071238195,4,625.7380161169875
175.04585938121903,4,44,15.323436402901576,3,380.78809314478065
101.12223776007244,4,3,17.557900006154142,3,354.6041695594278
154.9666152714613,4,25,13.900591367722797,1,204.8738683995564
187.56935616858945,5,26,8.825430067932423,5,757.2204299496269
66.52973594393141,4,45,15.318297984169305,3,335.69781246346133
177.16800961899676,2,63,4.869675617681012,1,207.5068982375321
116.86881205270767,5,90,7.223491138422516,4,617.063298905548
178.52993342965797,4,50,11.387019846886487,3,463.8609156137592
111.83704217287416,5,49,11.932778358436819,5,671.5746421935244
59.75589496677405,3,5,1.4206880339799597,3,467.3210801196891
68.62287810584186,2,58,18.957169586364166,4,318.0772407515879
152.4042473330691,4,14,14.23591815313041,3,389.5491407435722
162.98612508607408,3,29,10.41837125440593,5,608.6883944803617
104.78416874477958,3,41,18.729417453757858,1,114.51665444269332
181.9296229388687,5,36,9.342815739765742,5,733.3132793565418
66.923996886552,3,41,19.628275835137064,1,84.66644942016788
146.69601006763418,2,34,10.733410387626217,2,241.1443254198178
89.44919001187716,2,86,3.17142962996161,5,612.0687007032707
117.40819460989204,1,5,15.531218476726268,5,387.98396585089995
152.3699335658207,2,67,13.89905677647897,4,420.63041184120453
106.97933173580239,3,17,15.686747704806148,3,375.24419749787165
130.77222278850874,2,72,19.07739854578794,1,90.45458883741156
200.31464046072202,5,28,15.753296750369344,1,278.4286984956057
121.15540652384256,1,76,12.615395442116291,4,328.46879494968624
191.7846056032571,3,58,17.288869144855976,4,489.7654324116528
93.51465726711909,1,46,13.7916823477361,3,243.74387598605952
176.49020889576414,3,16,8.754262079692538,3,441.9282451692097
222.07843103289503,5,95,17.826775520593692,5,631.9500942885672
26.417774993635533,1,21,5.216108754903084,2,173.5006129263305
110.15523722647616,4,67,14.57818422326576,3,403.2923556036893
178.853606359027,3,68,17.749705643874382,4,458.27653310973625
139.84773069785035,4,36,14.895013874362629,3,415.21232665028435
168.55729366856545,1,48,14.248232962023282,1,58.2951726742038
119.80074066420897,4,12,15.300127587364884,2,276.6741238307269
154.329489373645,4,33,9.836049717712243,5,633.0980311292028
142.216138230396,1,85,17.609242960983494,1,5.50201010341374
208.38910308299037,5,52,4.865293027585732,1,364.79528214691373
162.72104216506065,4,86,3.420341904006446,2,378.6243596601897
166.8801331037601,4,50,6.424666822251719,5,720.477023638189
129.40615169387664,5,2,11.09997053872487,4,570.1267739225655
125.61968879637533,4,41,10.700674112777424,5,668.1011703061819
128.37209060901895,4,97,16.591376395855146,3,379.02407409879464
169.72260711891485,4,31,8.68680447167633,1,296.05178853315414
128.95077595898687,2,50,10.202544099538665,3,389.08267313560907
164.48874284482065,5,84,1.253985981928517,4,662.359445751512
253.77003993227194,4,45,8.785045492415843,3,547.3788649431974
193.5562351715846,5,20,13.3077104260565,5,700.2599489996916
133.69882339160793,3,43,1.2946582819052515,3,555.2795827924899
210.06069610819725,3,10,6.336757338538631,4,579.142913890232
129.59623134892243,4,67,4.951170826498409,4,581.6286990063367
48.0937732411073,5,0,1.7977231492821764,4,666.7080494991636
99.5956844541298,5,91,10.105941708376212,5,666.2157118380868
56.46040394870721,5,62,4.452742571334974,4,596.1412022035071
132.42432579793456,2,23,15.118549252996223,1,83.8697507706091
150.92091895947758,3,98,17.110629791503623,4,461.4092737743876
233.82186561376415,5,12,11.366118470713808,3,520.5632073022442
166.34636868820814,5,97,19.65243950790169,3,413.1259782745997
139.04497355955678,2,10,9.55909285794131,3,397.33616169101765
191.47027905917446,2,99,10.753995994273396,5,586.1075542229191
39.44323454960575,5,50,19.795137325197253,3,341.72893396829437
161.7807279054283,1,16,5.399420283335927,5,566.9415411037108
188.54325969434834,5,98,18.9083728538612,5,615.7830637832028
76.07068771100792,5,81,1.8139135472631516,4,607.2207393162255
207.18770216034645,2,85,9.4813509150007,1,196.7182765056691
166.9248203747207,2,23,2.33006673052825,4,554.2243340229481
129.23560430495994,5,18,14.855460115359216,4,596.6778280139347
181.63909330531425,5,36,12.559769781720338,5,683.8417214029181
263.5346428902198,5,84,14.426051005884332,5,739.524225351709
159.09331275292476,2,7,8.115127599392324,3,425.2762341396443
162.4110293150168,5,27,8.020156746596225,3,544.0807393617432
127.0319550229878,5,4,1.8610663002569976,4,639.4337752380823
107.50778152676041,4,16,7.648953851063156,2,359.6501608166414
191.51679082721228,1,35,18.65647964297913,2,193.3403770914178
107.19580870455664,3,18,8.20530420642853,3,423.57125657529076
153.57831186096962,1,63,16.79598641821743,2,157.2642843951076
126.11712766174416,4,90,17.004184590248748,3,363.7875533875104
173.9489912873196,3,97,8.091581971205443,5,621.3726031850272
166.6831052643474,5,10,13.007784927527592,4,553.5800891394102
201.87699721289496,4,53,2.812060443188114,1,376.78637460094905
124.49918005726265,5,44,2.9698930339512533,4,696.3426898071783
136.50625323533143,2,46,1.924495609572553,3,411.43661338527295
101.06181421088463,4,11,12.03928677412708,3,422.3666613264638
127.78533699619442,2,20,9.095348574895844,4,459.0956508152815
168.8650246522426,4,10,11.412614776620561,3,477.8101969095728
187.8494308322676,4,91,10.900390619659369,2,344.01171968181274
103.89173379111872,2,4,7.653856830723875,2,297.49082166789566
193.480296005283,3,80,13.871994881645985,3,385.80330708929387
217.78189294024753,1,55,15.411535737411423,3,224.54001270639208
170.67174516118504,5,19,1.2779369186758385,2,527.9245102736502
243.8397906279033,4,40,4.937603695608688,3,585.4526330476344
111.31054004482135,5,45,14.551481493583399,3,417.8389135799532
87.76726483442914,2,11,8.345783280042848,4,467.34397299115045
61.06398755478607,5,69,13.587194991890556,1,269.70903560234274
224.80221557445915,2,16,7.59229053495661,2,334.4798618171194
182.71828281770289,5,18,8.424347894263104,4,680.2563840744577
147.22076645447726,1,25,4.014898600104013,1,164.9075229702855
163.998431315991,1,47,5.90638937365704,3,358.38621470999624
93.72554763508117,1,51,12.502823392644158,3,251.4190076929404
272.2875989808413,1,95,9.23009911498816,4,455.66479768185013
156.46105909876138,1,69,15.711750975947307,3,246.7199686628307
155.46973973024464,1,54,17.199114143828513,5,398.7766839037293
186.28833119493459,2,99,11.291281946118437,4,442.2593427767005
174.05046158683567,4,74,15.407078549065124,1,244.19960668843623
161.19420121395657,5,32,6.8311857506968305,4,628.5929916787142
110.47627722773441,1,61,8.884453092601486,2,171.4402759010196
173.57341785679978,2,87,14.542775848119788,4,416.78925973207083
244.1012248237517,2,22,8.338027863523582,3,434.8499123605711
217.2710023077489,2,14,12.181593768020788,3,392.05618145001625
229.65933133196984,4,26,4.522082802567718,5,758.9653733106918
124.43921617844074,5,74,12.395654984439462,5,667.8596623562842
100.51975898707096,4,63,17.36876043731098,5,548.9001557797006
143.7106539950176,3,80,17.50415315664509,1,90.9188915485588
152.78624561443473,2,50,14.762543720261254,5,511.9828888968386
204.70957592354742,3,52,15.169314202446396,1,203.17657084837134
65.37676851425903,1,77,11.600621457863314,5,456.45853533730474
226.47751597303068,1,90,12.108693713150672,1,71.54576768152644
142.09960507105052,4,81,3.5393610467998418,4,617.6543261502538
128.655946502629,5,91,9.43332458000472,4,570.375489304838
99.39478123699163,3,50,9.564749393840913,3,423.85399681062125
67.25716640671153,5,46,19.211458877687065,1,185.87073899969462
191.15852919809572,4,3,9.1906503898425,2,425.17985970388804
153.6658983594202,1,6,11.437510253152395,3,311.18705025855763
85.5019550129473,5,34,11.131776586302948,4,569.5818366710073
85.2460613968192,5,47,13.098472623842216,1,284.9344274013186
133.21076503549358,1,72,15.216423795306023,5,467.160504480312
233.45107626446963,3,71,5.275795647246571,2,395.6140479659578
137.02043243181976,1,44,11.045763962870279,4,389.8609159337721
74.8428523440947,5,80,16.692436439004577,3,353.8176936437298
137.71284679570277,3,80,9.799179562912718,1,204.9788161405777
136.36382151261648,3,96,6.290693381097887,2,323.32237771233645
15.155667852921425,1,95,13.439472431769682,1,8.532010785820802
147.28525667410938,5,71,16.651580520183337,5,657.2722941735909
138.4532734895661,4,18,2.199665565620435,3,572.6530084647599
184.8103182406709,5,62,15.759019184737316,1,274.6397900453224
242.44780474726724,2,37,16.61131072627365,4,417.851783482692
206.32825147738788,4,66,9.768935624183529,3,431.94193072390533
136.55556547225848,3,58,19.68280747955088,4,383.43221143170064
94.67370456291648,4,68,15.947458473438873,1,200.7994800346962
278.667990162493,3,12,15.699588733017649,3,474.32539448355595
152.9609217007244,3,46,15.208932913829365,4,454.64361291783916
150.6964645956473,4,60,3.861553961147206,5,682.2087113292928
148.79374564449984,3,30,5.127386842607205,5,647.9126650211068
159.90423803839275,3,79,9.815812497824076,1,236.53913960840242
142.78197940380286,2,95,6.016082649229851,3,367.9548338714253
121.31689965598818,5,21,8.889578474346768,2,430.1907637762143
122.6570529379804,5,92,17.88081808853549,3,409.13430311608613
148.3623364892001,2,85,16.662210945706114,5,499.8091402634652
122.82876144331175,4,42,12.970757691119662,4,564.5570787841352
114.35771086614179,1,66,17.304287490770967,2,129.08051741371966
155.32151138459483,1,53,15.891675391327736,1,56.5169086949683
137.25113912895725,1,9,9.15071370497692,2,272.6277716599324
225.1996494291344,2,41,4.820237888948958,1,260.83624836570414
17.45150958034941,2,63,10.769819760177445,2,162.30386975511024
204.57534259612308,3,20,14.988348768042453,1,213.59081586187412
212.30425962488147,1,79,9.291972375862267,1,150.71879460714234
46.33048837959252,4,75,13.668666285894048,2,256.2810227740908
132.86562029598255,4,65,2.792221099529829,2,406.0709478410361
131.42795670021042,1,40,15.212089991056665,1,44.136591256665845
79.62441526410893,1,23,16.441558777968176,5,405.1993859148288
111.10916562045624,1,34,14.429919259830282,2,144.41139474410298
94.47120772670857,2,55,19.378008163000946,3,215.8856071772983
237.61352217118113,2,29,16.70638909175217,4,452.69673737206426
196.78391965737305,2,56,18.158780829654226,1,107.78418438111473
213.57775474970794,5,93,18.737850585695313,1,250.1404159486376
186.08360320216175,4,46,16.225611845602362,4,515.4264496591409
93.54741143913854,4,34,13.810917998123482,5,594.0229443377079
123.77398668601131,3,18,1.1086530458549966,4,631.4506078257936
174.4687280613959,2,7,9.85068931123937,2,288.3126180892493
88.89360955540273,5,25,11.85208367382486,4,600.0201391908397
185.6499215086194,5,70,6.776575176511993,1,329.1488094100319
137.98373009209325,4,29,7.043984491165969,4,604.5814659894214
131.25895962252014,2,6,19.26202889849314,3,252.84161490982828
185.54799841017456,3,66,17.94250643885217,2,229.6451366092322
172.213165574302,2,64,17.13440110453238,4,385.26492574363846
131.951691709046,1,35,8.714224232416102,1,106.46862931526752
207.9664901682124,2,24,1.2602724577693762,2,372.44040409436616
95.94683362000514,1,36,2.5242226826585674,1,192.363067230681
180.7967803472132,1,0,6.931730996134469,5,572.2163595402029
179.6550628984192,3,14,1.2991153469178627,3,528.2627627102713
134.5226780343005,4,36,1.325845856388764,5,731.7738813644764
166.3066511121059,2,12,18.41546273120581,3,316.8221808369476
87.44432118073485,1,7,14.417011540262028,4,356.32845214372014
196.20135096034505,2,4,6.8701638112949,2,320.4758212584801
140.75489317785053,4,59,3.52024697441811,4,577.8678795290781
123.86384897404803,4,72,10.721078640006466,3,438.5285495470061
202.45046129184448,5,0,1.1015770562329248,3,654.6014481469795
114.78281547286204,4,35,18.829861133304735,3,334.1216004453
79.57693518182202,3,34,8.881487268389996,1,183.388729439532
72.16854132380482,1,65,8.644364149509322,2,193.5696417033331
180.30049756728198,5,62,8.421278544053862,4,598.0642619150582
85.97853237518585,3,22,2.3172382773675304,4,546.9955788286704
237.73970909921823,2,8,13.128122556044705,5,594.611352529822
45.9035296058139,1,33,14.927068772938714,3,241.40653804481005
234.8228184145019,4,45,13.846382554177515,3,520.092078972255
160.5508733601309,1,77,3.6302743732584917,3,419.83906215665786
145.16434440648038,2,3,11.99796319267626,4,455.2967773343778
122.75404565955252,5,29,11.820205199272824,5,672.3692987999991
169.95680571760354,5,94,17.49980497088626,1,254.85840984421134
148.11826487875757,5,74,8.203425509137293,2,406.2350542549145
205.16509410082608,4,98,8.05823292952925,1,273.54783563147924
155.711382433102,3,71,12.752014115645526,4,471.4038987509682
157.5150880730939,3,2,13.028380416490748,3,387.1069073672118
131.81938938930722,1,13,9.916419319190016,2,223.16126707940035
147.15271881394662,4,59,9.418127884278,4,546.6350400108344
165.39008844460295,5,76,10.388805742119771,4,608.135038233549
64.49158036716872,5,44,17.359860690562925,4,535.3210195630882
82.59072889471435,2,95,9.76217112382429,2,218.22717106096545
187.16320470113575,2,33,18.858704047426627,2,233.01311907934604
158.54327190639708,5,44,10.576071508330195,5,740.3623358965453
140.80083318236603,5,60,19.034813170436937,5,626.8532908043294
150.92169665326966,4,82,16.82380613551244,1,173.7689672230474
167.37908526808354,3,15,7.886195129700753,2,376.34029077076184
123.01201598453193,2,65,17.409187004635704,2,161.66476497995708
111.08476372988437,3,39,3.091202399821189,2,362.8801164910563
159.79226275488406,4,16,18.575896331517274,5,597.5921349164091
101.0813611192484,5,33,13.001226786574941,4,560.4942258840377
170.4126377857236,3,15,2.0334242219239123,3,492.3653837133593
64.87081978810798,5,59,13.240877749365419,5,594.149159525828
201.45778186628218,5,65,19.510705428750367,2,360.1001599037744
173.62987412065215,1,65,2.3262124376779494,5,608.3113658537055
162.80148671569378,3,89,11.539066485821639,1,146.294803687222
199.1345491972757,3,12,15.208092645428076,2,275.21666440593566
233.27372222312883,5,55,16.394913147291096,1,290.6643653704881
200.7185032509065,4,30,8.862721841095121,2,413.7963420535162
57.95628843341774,1,33,4.879164624196617,5,482.3251565005654
86.02115166321492,5,38,1.8045032966752927,4,661.334576201294
118.75907111521606,2,66,12.01479698484727,3,332.9229305904844
151.3045525105417,2,7,9.605310335084605,1,168.71137785694282
175.88295102345614,1,86,19.02614350784451,5,428.27578164414285
113.71280934232672,4,77,2.1514932465832857,4,600.0526751542186
159.33833822385392,5,54,14.022511525474108,5,695.9739626496739
112.23085338233388,3,26,1.4743582202810863,1,263.5897016416993
119.42410985040259,1,92,4.257249357500312,3,310.9876053728387
79.66694515758888,4,52,9.618000998533848,5,628.7766341949947
103.8383376944548,3,38,9.642576413254496,2,258.25525540747003
82.41576971918332,2,64,14.028310315739235,4,329.0970020006296
101.20633735113336,2,16,18.294047662487376,5,489.95607450204324
202.682089830392,3,29,13.141611019383495,4,486.61932268234057
102.53005555840285,1,52,19.117166859178667,2,61.152069622819454
281.61910324186954,2,12,17.750697157681955,3,339.40861062037504
174.66589504404448,5,20,12.105496115085014,3,488.86172058590216
159.2418061847437,3,18,16.84204706745772,2,252.24764588870607
107.08211099093933,3,52,13.208974596149046,4,428.51414119183005
185.01549397044957,2,18,2.4925987875508158,5,674.6364126661205
121.2181086881113,1,56,15.07072974193069,2,159.25761020369166
156.10049073226807,5,24,2.803260384079578,1,360.9428552599499
278.00422691343977,1,85,12.287572830824535,4,425.17396957476484
145.1970050137675,4,30,14.350163911306348,3,407.02043239285564
207.46366631428378,4,80,2.2640245560062495,2,452.9664035629208
114.84117874370563,2,54,5.385098424604103,3,414.43669305040385
148.25057547515192,2,22,18.397772412971346,4,412.05539898292767
238.5400317817755,2,31,12.709975352425031,3,445.3419470207821
118.65164711061163,4,61,5.6794343574001,2,327.49713175245034
240.62242789984646,1,73,14.122915651812125,4,384.07466435301126
185.38759677277378,1,9,12.338751979272104,1,161.95650812054046
121.87666120528661,2,99,10.529938298441019,2,180.92143967381224
181.62038695277604,5,71,19.54755252477359,5,668.8162948329198
198.6277224813365,1,53,13.98562177074267,2,197.24142536182265
181.0904981108598,4,51,8.133381083690342,4,598.51475754409
71.48876400547718,3,19,16.201395209460493,2,186.03548025514692
113.64314120875656,3,31,17.80708256550257,1,108.17166444924517
137.62406822242477,3,13,3.3791906308197968,1,324.80453679576203
146.2783285449977,5,49,4.810506579060063,5,759.1420201008676
181.0336048775339,2,27,5.108313173427814,3,420.22119499923366
158.88505004666268,4,52,14.133024378344267,4,532.6552611493695
83.23278206449494,5,23,12.457751546012384,4,555.3334355645572
169.00989255029816,4,78,12.760839729273176,3,442.1253277275784
180.52928726419117,4,21,18.874692694100517,1,173.9741833870924
177.989522396552,2,29,15.742319123338813,1,120.94275374968524
204.0390362777311,3,62,3.4308015657238804,2,383.0845958456088
191.6961077274452,2,3,7.602634566078439,5,573.8225421855714
172.95900396142184,5,76,9.272479277338977,5,733.0036538885132
146.49171442706765,5,58,8.523270186204492,5,689.7688343126001
66.95195332420043,5,86,13.716863574075704,2,316.3888176687406
171.4809109566293,2,7,17.945968961874687,5,527.3324720052656
160.38438435815556,4,81,6.814977806932972,3,450.2970776962373
163.57894185976866,4,11,11.485665592002526,2,378.7499174335991
86.16257120898453,1,30,15.998779016358128,3,216.59815901669444
95.94717297958688,5,77,8.908143118061638,2,361.6290702860004
202.6576426666452,4,33,4.194244439586621,5,800.0594591596081
148.02224230716726,1,81,10.024068340011217,3,299.45653035960055
184.07503486863123,4,97,2.049227894117541,3,528.2429162537217
151.41591880652305,5,74,18.90528562604326,3,394.9497800836689
151.48780697478725,3,75,2.4216028987044877,2,401.05693621126613
196.9141902987999,5,48,9.330677589760985,4,625.4489135902049
124.19776358913131,2,78,11.067743960681998,5,546.9343946512713
154.80603884704917,4,56,19.720772813458424,3,363.3332955108614
126.88623556474788,4,94,4.154414649214354,4,621.6036729010766
128.27518862838423,2,92,3.1741988536348127,5,578.732119590772
134.54139382656803,2,25,1.165416794188328,5,625.5399479940006
161.10668858168563,3,17,3.955857300516744,3,478.8696384349236
126.06256891682614,4,95,4.938186602285684,3,480.19775599743684
212.78780627867604,4,85,12.981037890078754,2,342.2195985211252
105.26963488902481,3,37,5.174429017436608,4,605.5765374058093
140.65641779193206,1,80,1.389895479857179,4,534.0104292061919
128.01344708629125,3,86,16.705748564547285,3,328.6256147681988
222.34889421768665,5,87,7.946318319075369,5,766.0355657693511
159.82773882557873,4,49,7.720237045033945,3,482.10069446046043
201.59222697343174,2,7,6.747101554190605,5,604.9794596068565
75.7219813481514,5,40,19.532092265781998,5,575.9882620023744
163.35251329346295,4,5,4.232192928876348,3,557.1322711445193
194.48153978117185,3,68,18.066523215111467,1,178.81620677867147
154.1141994637712,5,43,15.759263310657872,4,581.4571771383746
203.27401875326757,4,63,2.4531191544869486,5,720.4614605029091
124.13557749498139,1,28,19.747852928516124,5,398.9585675084866
220.467372009279,1,27,6.155953307241201,1,153.8524638105777
264.9449061809625,2,10,2.8730756134258346,2,429.9627858912909
131.85807197801705,4,64,16.75697044838943,1,168.8497216351059
127.7248739299614,1,18,14.426835139876298,1,63.016332675441895
222.66922385588504,3,8,12.727157311680115,5,643.6642955112665
228.97860728653563,4,26,3.96363641027973,4,736.206437535768
123.85699864233658,3,33,10.091426208863275,1,207.82111072727366
128.99065914520713,3,43,15.830564510857062,2,237.33290851887665
135.91076955697463,1,67,6.768854824732965,3,299.14078350106666
82.77747444828614,4,99,6.922106741785788,1,278.93365601886285
104.06740267579009,5,81,1.0596772149143203,1,362.59601758132493
99.7929616623966,1,14,4.310624631262211,2,294.0187961417687
111.61012174479359,1,50,17.632706877314853,4,342.11831992296635
148.26575563066095,4,12,9.393183341116435,1,265.0271418389543
161.71073662682605,4,82,19.700455485454246,1,124.44390893747294
227.52502464070386,3,48,8.518451307902058,4,570.9922271714215
100.08229796306046,4,69,14.588542640824583,2,268.0831343539944
199.21611992382918,3,55,6.356461815189854,1,270.52708787142365
139.30055778872455,1,75,7.912383181677736,4,444.25268724894335
147.52681451737834,2,50,4.623793764226998,1,171.18591672579834
183.7409746083302,5,36,7.594185001488505,3,561.7439833909854
93.86389892188507,1,16,11.39751288799222,5,497.14672535316373
169.12048730920253,4,57,19.843684738605738,3,389.2261603124455
158.3226104106528,5,86,13.619832548363927,1,233.07442544200154
174.62256320040746,2,89,4.785673133757967,2,323.2379620069732
164.4584321953909,2,28,1.8542673902394715,5,685.374956742968
272.7650069955447,3,32,3.4007731449757017,3,551.3556170080171
118.1130007874342,5,59,11.6885488241879,4,571.5786569991246
123.45015224990911,3,90,15.53804624751856,2,257.8349371641051
118.84297367876178,1,88,18.86796493871419,3,176.98386719126822
122.22614404198727,5,54,1.3006402679395954,4,643.660846636516
118.13064363467412,1,9,10.932442689675526,1,92.02594954730851
209.4508265553776,3,46,9.946479768240359,4,554.8367453878851
221.02521239949274,5,22,13.465045417538375,3,545.2355710602735
121.46268531252619,3,84,11.631998234841497,3,382.4739246620465
108.38222134478856,5,20,14.053743861067131,1,278.54919877984446
173.5707778193202,3,12,13.503569110234617,4,524.282483559913
122.38884778595144,2,32,3.2232227723009776,4,510.87777101251316
181.64659088777555,3,23,16.19464035875567,1,168.27840930864136
160.14615104256498,2,10,3.341418938610172,4,575.8380809639276
74.2127942501384,3,16,14.272081878973605,1,109.33165272956595
227.37526006650307,5,67,8.906761985171528,2,465.24833171959364
239.7938836547761,5,46,10.76316395695536,3,530.5475815349089
119.36056547578069,5,24,18.1626622731385,2,348.3602000872796
130.6149220032008,4,93,17.907790802996246,5,557.8811659572594
164.29326953624525,1,72,16.539269807445564,5,445.3437850781201
166.72283949935124,5,20,10.692819228670142,5,763.6552246478914
182.92721363364151,2,83,14.98855639254283,1,89.77697340517628
250.5102269383175,5,82,10.745044054857377,4,648.60015975105
141.15263862529753,4,82,17.522515567020772,2,266.24801036499554
110.08513777307732,2,11,8.652740831425099,2,278.52544347336345
81.03403859927364,4,36,19.43447154388266,2,283.60557352803386
113.45349800290404,2,41,18.714132406348675,2,142.1543871898357
148.34365135631015,3,16,15.090449769583925,5,538.5323851734647
239.7278931758894,1,47,6.308901799345368,2,272.44174295244085
124.11943504819143,1,27,3.501418187071909,4,463.12508359785363
161.18939758194492,4,40,17.239365551770753,5,597.8068141158482
149.1788551963624,1,98,4.140743436621264,2,256.6452131266331
209.4196636724042,4,46,17.230954990949378,1,263.6668057060941
276.3466212936811,4,17,10.32453512753485,3,570.4489354878631
123.45656135398397,4,77,8.72457889235398,3,483.9561539801262
125.52802787408889,1,98,18.160624797854155,3,264.61873187393644
202.2080438534536,4,70,12.47316866826528,5,675.9747966606398
184.09457448131556,1,12,11.955666135464638,2,246.59950297382744
242.33536628680167,4,81,11.616552947863555,5,700.8214167121095
179.1964092662982,5,12,8.052220804371096,4,671.4986294342827
132.035395460647,4,99,15.927218967053419,1,186.90542116436038
179.53274153461547,2,30,5.803170436299687,1,212.81324028142785
205.4351790291454,4,1,18.839004240784227,3,382.8580909107838
191.0241090598682,3,15,17.985718895892255,3,357.88851634695874
175.36370155536488,4,8,7.412126187823065,3,525.3049313912534
203.3337344794577,2,72,14.85981162680161,2,233.2752984960625
208.46477952228364,2,37,11.891240694542239,4,447.586590462738
219.10794955187635,1,74,7.415336737985458,4,459.05353114649915
182.43549437948212,5,53,19.781911311913486,4,522.0485638560278
141.64409598415727,4,55,1.4795095711170199,4,637.9680862316889
157.33568432166615,1,85,5.800274581804446,3,357.4379800659551
210.32544832541782,5,96,10.881407161111857,1,335.2051034743479
109.1532164506382,4,99,10.917107066092713,3,403.2042512900282
168.43366544364505,3,86,12.189728423965718,4,511.04757818247816
130.33305938363196,4,44,15.281847268435467,3,427.4390099991691
151.4372411467409,2,33,12.846078779866632,4,445.3653811009177
213.92259313036493,2,8,12.405347750032703,5,597.1265758636821
159.55495340099517,3,87,2.0167747953478226,1,308.1155148085681
152.32182740780743,1,7,8.154075467996668,5,515.0790427844503
82.00719295100404,5,6,5.409059054321964,2,461.48128930682725
187.31267830136102,4,35,6.042032120437534,3,502.98449613135637
182.27420905705378,2,17,11.532412012466553,2,253.3954434881519
258.16273616527303,1,2,4.790600983662561,3,435.48258744137996
134.61108825234996,3,27,6.585032919321053,5,589.7542117910978
160.95751638319695,2,69,5.504609461829462,4,509.12317127894784
162.46918418553776,3,43,19.0215559211457,4,452.6635565552069
228.8726639881737,4,20,18.948648911250807,3,377.80174672042835
145.2352233806524,5,27,12.588889613324982,4,615.8539486707376
163.95107628851696,2,53,18.5659269059061,5,462.9465786220111
180.39482548582697,2,53,15.93044026389909,4,420.1645546162426
159.3304561578179,4,64,12.209009773234367,5,624.5357676714289
127.67831927247359,1,99,1.1222690184391184,2,287.23943155507175
159.7044996449154,5,20,15.677809435508676,5,692.6978443714651
203.6815874929886,2,98,14.347278490180909,1,145.14326795424762
98.67423502944699,5,12,12.689819412365866,1,268.73939465372234
156.64848370734381,2,56,15.448061921966962,1,95.14723921916665
114.99395925304134,5,48,10.74552113072055,3,483.90921758503737
209.75233144624212,3,53,14.377582155105442,3,411.5996307960577
73.84065476081126,2,9,18.768269647803372,3,263.7942908816949
122.05390763642058,5,52,8.14029530107564,5,727.7946653618569
168.86059375322606,1,43,14.454314863111883,3,244.9227097065681
228.27620146171702,3,46,10.038068542208215,2,349.38185384789114
146.71248694635062,3,52,13.81359338446565,1,153.78458552359
122.24002366534009,1,73,15.494973375532918,5,450.8935035749866
244.0578534720295,5,45,1.8635975082801233,1,420.7686578187486
77.5993049791878,4,12,13.285408435024577,3,413.6469120914538
40.0597021689959,1,36,5.308082503731947,5,499.09433202681527
172.00072250266663,5,23,13.73061821834377,4,544.816774486252
124.89728878236944,1,1,9.898273532742456,2,236.43989121096013
98.93835914346434,1,85,15.697502095432856,3,216.3619780708047
185.41782236496766,2,80,3.344615488906332,3,467.16218868756283
162.19003568855993,5,99,12.900124681467707,2,330.76104406266194
121.79606846316358,4,13,6.290943849623494,2,386.80056296240946
85.98478006645529,2,9,17.206657911281237,4,362.81570039641866
193.62286641400723,1,34,18.63928660708984,3,256.973724417063
182.51005889793305,1,24,19.93156757990205,3,201.60967104602105
145.04120681103086,1,2,16.124140646118384,1,74.28014336367607
242.3318498023833,5,16,15.320947338132086,5,760.9480116768966
96.49576168369236,5,11,5.09451441848347,5,755.8661703186497
73.72374145376305,2,53,7.384134120812066,1,149.44233956434866
115.40459650593777,4,23,9.84796829348331,5,617.8861801425015
147.7206991822251,2,28,15.694239907862745,2,189.16179767355948
162.16697246613458,3,42,18.384351436481403,5,533.243849347684
137.9381971071835,1,24,4.593642900436707,5,552.5882577781539
167.60276982571483,1,99,18.524982208731956,1,44.50797348231249
87.42302879047779,1,59,14.216868394727102,4,347.1854104721838
222.18823020366295,2,89,12.604643883015735,5,625.6571409628484
145.89244108037155,2,64,4.796984154356851,5,581.25491808601
205.8647915794064,1,83,2.0549756233738607,4,508.310504840758
167.13626731888522,2,27,11.800833071650858,1,122.87249362957672
172.8376609576892,5,15,13.378797983248957,4,542.569831281597
178.4883640116102,5,46,5.004847537739076,1,393.46373111474315
172.38542800086574,2,80,11.572667910683672,2,258.88141946778006
182.1361379933772,1,91,17.273374652488897,1,19.66956160565488
216.45762650662158,2,57,16.86625296364538,2,224.7920241066926
159.8260584850735,2,75,18.619748431139648,2,155.48385495800167
185.4501878794256,2,26,7.951830381580728,1,193.05160375282358
145.51321528563867,3,52,7.042941878467455,3,428.72007353898795
222.00586077247362,5,41,15.239094113635364,1,273.8978598147762
116.18038489703652,4,58,9.191135696843094,5,630.8625877345884
240.04702164554078,4,46,2.6634246165278315,5,762.3783785588857
147.99210246778284,3,93,6.373221482739495,3,442.93580757532976
78.46124489409759,2,33,8.953063425098293,2,170.44448379644552
156.40522074553945,3,36,6.557812084048788,3,446.1337579951618
115.94741712625596,3,5,7.31190584799911,5,606.1626031696951
192.0321774494362,1,6,6.581742217313424,3,352.10984939595176
117.36880103488045,5,95,1.7884841764785095,1,349.158224400562
127.69082833926102,4,95,13.104799315664408,3,403.9389282636575
55.522963452723445,2,24,12.348555986715917,2,191.7156253165352
127.38468403754617,4,32,13.41428647109493,1,193.3479645628687
28.80603366855216,4,54,4.653888024638922,4,569.7065495490264
70.80485882571384,5,57,6.617436290637221,5,679.5629668349724
188.02073280721487,4,6,12.772702611953523,5,646.1156838859193
189.2900079325416,4,56,12.392923800738506,3,461.02806060624863
171.27287808924825,3,11,10.620275877731089,1,234.14289437463177
101.65119284353935,5,15,7.657851750193751,4,604.4545873915076
147.614432192901,1,79,18.34568909071911,1,-56.75372556321949
149.81987304547158,2,42,7.455634603678032,5,565.6163183212592
92.08176554037286,4,99,9.65676397230778,1,223.82044770311506
225.16991508835753,2,76,13.884162788129967,4,468.1585310051298
193.86811452878356,1,6,11.317407186468518,3,329.9775689614955
138.95179130851682,2,99,7.590833550923326,2,251.89290896813478
151.34429194972654,1,50,9.277251018673686,1,175.2299109306095
160.41914039737762,3,72,16.095135539216614,2,238.34606176888883
47.913256578785465,4,31,6.284453954245636,5,667.117905916714
137.64113087397016,1,74,3.702849555759493,3,326.21576749371775
115.90078760011008,2,7,6.950100834765765,3,359.09518922217325
99.91899950525422,4,96,17.141150094270124,1,165.93113909648144
135.94498535570224,3,86,2.6908045822705864,3,491.3784787497795
239.88432634247613,4,88,19.842225394076586,1,185.37698697563712
182.0421430633505,1,71,11.279055079625588,1,60.71462844465638
121.44105051086015,3,44,19.712069135374787,2,196.21090041665155
178.62913906780793,2,85,18.840932019633573,3,280.1403968570573
